No.,Date:,Next:
1,02/07/2005,99
2,09/10/2005,47
3,25/11/2005,3
4,28/11/2005,20
5,18/12/2005,16
6,03/01/2006,18
7,21/01/2006,11
8,01/02/2006,4
9,05/02/2006,30
10,07/03/2006,15
11,22/03/2006,6
12,28/03/2006,46
13,13/05/2006,48
14,30/06/2006,9
15,09/07/2006,5
16,14/07/2006,12
17,26/07/2006,10
18,05/08/2006,4
19,09/08/2006,1
20,10/08/2006,1
21,11/08/2006,3
22,14/08/2006,3
23,17/08/2006,12
24,29/08/2006,9
25,07/09/2006,8
26,15/09/2006,32
27,17/10/2006,19
28,05/11/2006,3
29,08/11/2006,4
30,12/11/2006,23
31,05/12/2006,6
32,11/12/2006,14
33,25/12/2006,1
34,26/12/2006,6
35,01/01/2007,4
36,05/01/2007,1
37,06/01/2007,3
38,09/01/2007,1
39,10/01/2007,5
40,15/01/2007,0
41,15/01/2007,2
42,17/01/2007,8
43,25/01/2007,18
44,12/02/2007,8
45,20/02/2007,1
46,21/02/2007,2
47,23/02/2007,4
48,27/02/2007,6
49,05/03/2007,2
50,07/03/2007,3
51,10/03/2007,7
52,17/03/2007,3
53,20/03/2007,10
54,30/03/2007,12
55,11/04/2007,10
56,21/04/2007,6
57,27/04/2007,1
58,28/04/2007,20
59,18/05/2007,11
60,29/05/2007,1
61,30/05/2007,1
62,31/05/2007,25
63,25/06/2007,3
64,28/06/2007,4
65,02/07/2007,9
66,11/07/2007,6
67,17/07/2007,13
68,30/07/2007,14
69,13/08/2007,3
70,16/08/2007,10
71,26/08/2007,3
72,29/08/2007,3
73,01/09/2007,6
74,07/09/2007,2
75,09/09/2007,0
76,09/09/2007,3
77,12/09/2007,2
78,14/09/2007,0
79,14/09/2007,2
80,16/09/2007,0
81,16/09/2007,7
82,23/09/2007,8
83,01/10/2007,8
84,09/10/2007,7
85,16/10/2007,3
86,19/10/2007,3
87,22/10/2007,2
88,24/10/2007,23
89,16/11/2007,0
90,16/11/2007,0
91,16/11/2007,0
92,16/11/2007,2
93,18/11/2007,1
94,19/11/2007,0
95,19/11/2007,2
96,21/11/2007,4
97,25/11/2007,4
98,29/11/2007,2
99,01/12/2007,0
100,01/12/2007,1
101,02/12/2007,10
102,12/12/2007,2
103,14/12/2007,2
104,16/12/2007,0
105,16/12/2007,0
106,16/12/2007,1
107,17/12/2007,1
108,18/12/2007,2
109,20/12/2007,9
110,29/12/2007,2
111,31/12/2007,0
112,31/12/2007,1
113,01/01/2008,1
114,02/01/2008,2
115,04/01/2008,0
116,04/01/2008,2
117,06/01/2008,3
118,09/01/2008,1
119,10/01/2008,3
120,13/01/2008,3
121,16/01/2008,2
122,18/01/2008,0
123,18/01/2008,2
124,20/01/2008,7
125,27/01/2008,5
126,01/02/2008,3
127,04/02/2008,1
128,05/02/2008,0
129,05/02/2008,0
130,05/02/2008,1
131,06/02/2008,0
132,06/02/2008,2
133,08/02/2008,2
134,10/02/2008,0
135,10/02/2008,2
136,12/02/2008,0
137,12/02/2008,0
138,12/02/2008,4
139,16/02/2008,1
140,17/02/2008,0
141,17/02/2008,1
142,18/02/2008,2
143,20/02/2008,4
144,24/02/2008,0
145,24/02/2008,0
146,24/02/2008,0
147,24/02/2008,0
148,24/02/2008,3
149,27/02/2008,7
150,05/03/2008,0
151,05/03/2008,0
152,05/03/2008,4
153,09/03/2008,4
154,13/03/2008,0
155,13/03/2008,2
156,15/03/2008,2
157,17/03/2008,0
158,17/03/2008,1
159,18/03/2008,4
160,22/03/2008,2
161,24/03/2008,7
162,31/03/2008,1
163,01/04/2008,12
164,13/04/2008,0
165,13/04/2008,0
166,13/04/2008,16
167,29/04/2008,11
168,10/05/2008,13
169,23/05/2008,2
170,25/05/2008,2
171,27/05/2008,2
172,29/05/2008,7
173,05/06/2008,3
174,08/06/2008,1
175,09/06/2008,1
176,10/06/2008,3
177,13/06/2008,1
178,14/06/2008,2
179,16/06/2008,0
180,16/06/2008,0
181,16/06/2008,1
182,17/06/2008,1
183,18/06/2008,2
184,20/06/2008,5
185,25/06/2008,7
186,02/07/2008,7
187,09/07/2008,11
188,20/07/2008,11
189,31/07/2008,14
190,14/08/2008,0
191,14/08/2008,5
192,19/08/2008,2
193,21/08/2008,4
194,25/08/2008,0
195,25/08/2008,4
196,29/08/2008,2
197,31/08/2008,5
198,05/09/2008,3
199,08/09/2008,1
200,09/09/2008,5
201,14/09/2008,5
202,19/09/2008,0
203,19/09/2008,1
204,20/09/2008,2
205,22/09/2008,2
206,24/09/2008,15
207,09/10/2008,1
208,10/10/2008,1
209,11/10/2008,2
210,13/10/2008,4
211,17/10/2008,3
212,20/10/2008,0
213,20/10/2008,2
214,22/10/2008,1
215,23/10/2008,1
216,24/10/2008,2
217,26/10/2008,0
218,26/10/2008,1
219,27/10/2008,9
220,05/11/2008,3
221,08/11/2008,0
222,08/11/2008,2
223,10/11/2008,1
224,11/11/2008,0
225,11/11/2008,2
226,13/11/2008,3
227,16/11/2008,6
228,22/11/2008,1
229,23/11/2008,2
230,25/11/2008,1
231,26/11/2008,2
232,28/11/2008,1
233,29/11/2008,0
234,29/11/2008,1
235,30/11/2008,7
236,07/12/2008,0
237,07/12/2008,0
238,07/12/2008,1
239,08/12/2008,3
240,11/12/2008,0
241,11/12/2008,0
242,11/12/2008,3
243,14/12/2008,0
244,14/12/2008,2
245,16/12/2008,1
246,17/12/2008,4
247,21/12/2008,1
248,22/12/2008,2
249,24/12/2008,3
250,27/12/2008,1
251,28/12/2008,4
252,01/01/2009,2
253,03/01/2009,1
254,04/01/2009,1
255,05/01/2009,2
256,07/01/2009,3
257,10/01/2009,1
258,11/01/2009,3
259,14/01/2009,0
260,14/01/2009,6
261,20/01/2009,7
262,27/01/2009,5
263,01/02/2009,0
264,01/02/2009,1
265,02/02/2009,2
266,04/02/2009,1
267,05/02/2009,2
268,07/02/2009,0
269,07/02/2009,0
270,07/02/2009,4
271,11/02/2009,4
272,15/02/2009,1
273,16/02/2009,1
274,17/02/2009,2
275,19/02/2009,0
276,19/02/2009,0
277,19/02/2009,0
278,19/02/2009,0
279,19/02/2009,0
280,19/02/2009,0
281,19/02/2009,0
282,19/02/2009,0
283,19/02/2009,0
284,19/02/2009,0
285,19/02/2009,0
286,19/02/2009,1
287,20/02/2009,1
288,21/02/2009,1
289,22/02/2009,3
290,25/02/2009,1
291,26/02/2009,2
292,28/02/2009,2
293,02/03/2009,2
294,04/03/2009,1
295,05/03/2009,0
296,05/03/2009,1
297,06/03/2009,2
298,08/03/2009,3
299,11/03/2009,1
300,12/03/2009,4
301,16/03/2009,1
302,17/03/2009,0
303,17/03/2009,3
304,20/03/2009,4
305,24/03/2009,0
306,24/03/2009,3
307,27/03/2009,1
308,28/03/2009,3
309,31/03/2009,1
310,01/04/2009,1
311,02/04/2009,2
312,04/04/2009,1
313,05/04/2009,3
314,08/04/2009,5
315,13/04/2009,1
316,14/04/2009,1
317,15/04/2009,1
318,16/04/2009,1
319,17/04/2009,2
320,19/04/2009,2
321,21/04/2009,0
322,21/04/2009,0
323,21/04/2009,1
324,22/04/2009,2
325,24/04/2009,1
326,25/04/2009,5
327,30/04/2009,4
328,04/05/2009,0
329,04/05/2009,2
330,06/05/2009,2
331,08/05/2009,2
332,10/05/2009,2
333,12/05/2009,0
334,12/05/2009,2
335,14/05/2009,0
336,14/05/2009,3
337,17/05/2009,2
338,19/05/2009,7
339,26/05/2009,2
340,28/05/2009,4
341,01/06/2009,0
342,01/06/2009,6
343,07/06/2009,0
344,07/06/2009,0
345,07/06/2009,1
346,08/06/2009,0
347,08/06/2009,0
348,08/06/2009,2
349,10/06/2009,1
350,11/06/2009,0
351,11/06/2009,4
352,15/06/2009,7
353,22/06/2009,6
354,28/06/2009,2
355,30/06/2009,8
356,08/07/2009,4
357,12/07/2009,3
358,15/07/2009,2
359,17/07/2009,0
360,17/07/2009,0
361,17/07/2009,1
362,18/07/2009,1
363,19/07/2009,0
364,19/07/2009,1
365,20/07/2009,5
366,25/07/2009,3
367,28/07/2009,3
368,31/07/2009,2
369,02/08/2009,0
370,02/08/2009,1
371,03/08/2009,6
372,09/08/2009,3
373,12/08/2009,0
374,12/08/2009,0
375,12/08/2009,1
376,13/08/2009,1
377,14/08/2009,1
378,15/08/2009,0
379,15/08/2009,1
380,16/08/2009,0
381,16/08/2009,2
382,18/08/2009,1
383,19/08/2009,1
384,20/08/2009,0
385,20/08/2009,0
386,20/08/2009,0
387,20/08/2009,0
388,20/08/2009,1
389,21/08/2009,0
390,21/08/2009,0
391,21/08/2009,0
392,21/08/2009,0
393,21/08/2009,1
394,22/08/2009,2
395,24/08/2009,2
396,26/08/2009,1
397,27/08/2009,3
398,30/08/2009,0
399,30/08/2009,1
400,31/08/2009,1
401,01/09/2009,0
402,01/09/2009,1
403,02/09/2009,1
404,03/09/2009,2
405,05/09/2009,1
406,06/09/2009,3
407,09/09/2009,2
408,11/09/2009,2
409,13/09/2009,2
410,15/09/2009,2
411,17/09/2009,0
412,17/09/2009,3
413,20/09/2009,2
414,22/09/2009,1
415,23/09/2009,0
416,23/09/2009,2
417,25/09/2009,0
418,25/09/2009,1
419,26/09/2009,1
420,27/09/2009,2
421,29/09/2009,1
422,30/09/2009,0
423,30/09/2009,1
424,01/10/2009,0
425,01/10/2009,0
426,01/10/2009,4
427,05/10/2009,1
428,06/10/2009,0
429,06/10/2009,1
430,07/10/2009,0
431,07/10/2009,0
432,07/10/2009,2
433,09/10/2009,2
434,11/10/2009,1
435,12/10/2009,1
436,13/10/2009,1
437,14/10/2009,6
438,20/10/2009,0
439,20/10/2009,0
440,20/10/2009,1
441,21/10/2009,0
442,21/10/2009,0
443,21/10/2009,0
444,21/10/2009,0
445,21/10/2009,3
446,24/10/2009,2
447,26/10/2009,2
448,28/10/2009,4
449,01/11/2009,5
450,06/11/2009,3
451,09/11/2009,7
452,16/11/2009,8
453,24/11/2009,0
454,24/11/2009,2
455,26/11/2009,1
456,27/11/2009,2
457,29/11/2009,0
458,29/11/2009,0
459,29/11/2009,2
460,01/12/2009,3
461,04/12/2009,2
462,06/12/2009,2
463,08/12/2009,5
464,13/12/2009,5
465,18/12/2009,1
466,19/12/2009,1
467,20/12/2009,1
468,21/12/2009,1
469,22/12/2009,0
470,22/12/2009,2
471,24/12/2009,4
472,28/12/2009,4
473,01/01/2010,4
474,05/01/2010,1
475,06/01/2010,1
476,07/01/2010,0
477,07/01/2010,2
478,09/01/2010,2
479,11/01/2010,2
480,13/01/2010,2
481,15/01/2010,0
482,15/01/2010,1
483,16/01/2010,2
484,18/01/2010,1
485,19/01/2010,2
486,21/01/2010,0
487,21/01/2010,2
488,23/01/2010,0
489,23/01/2010,1
490,24/01/2010,2
491,26/01/2010,2
492,28/01/2010,1
493,29/01/2010,1
494,30/01/2010,1
495,31/01/2010,0
496,31/01/2010,0
497,31/01/2010,2
498,02/02/2010,0
499,02/02/2010,1
500,03/02/2010,3
501,06/02/2010,0
502,06/02/2010,2
503,08/02/2010,3
504,11/02/2010,1
505,12/02/2010,2
506,14/02/2010,0
507,14/02/2010,1
508,15/02/2010,2
509,17/02/2010,2
510,19/02/2010,0
511,19/02/2010,0
512,19/02/2010,2
513,21/02/2010,2
514,23/02/2010,3
515,26/02/2010,3
516,01/03/2010,0
517,01/03/2010,0
518,01/03/2010,1
519,02/03/2010,0
520,02/03/2010,3
521,05/03/2010,0
522,05/03/2010,0
523,05/03/2010,3
524,08/03/2010,2
525,10/03/2010,2
526,12/03/2010,0
527,12/03/2010,0
528,12/03/2010,0
529,12/03/2010,3
530,15/03/2010,1
531,16/03/2010,1
532,17/03/2010,1
533,18/03/2010,3
534,21/03/2010,0
535,21/03/2010,1
536,22/03/2010,1
537,23/03/2010,0
538,23/03/2010,1
539,24/03/2010,1
540,25/03/2010,1
541,26/03/2010,0
542,26/03/2010,1
543,27/03/2010,4
544,31/03/2010,1
545,01/04/2010,1
546,02/04/2010,0
547,02/04/2010,1
548,03/04/2010,1
549,04/04/2010,0
550,04/04/2010,0
551,04/04/2010,1
552,05/04/2010,2
553,07/04/2010,2
554,09/04/2010,1
555,10/04/2010,1
556,11/04/2010,0
557,11/04/2010,1
558,12/04/2010,0
559,12/04/2010,0
560,12/04/2010,1
561,13/04/2010,0
562,13/04/2010,2
563,15/04/2010,5
564,20/04/2010,0
565,20/04/2010,1
566,21/04/2010,3
567,24/04/2010,1
568,25/04/2010,2
569,27/04/2010,1
570,28/04/2010,3
571,01/05/2010,6
572,07/05/2010,0
573,07/05/2010,0
574,07/05/2010,1
575,08/05/2010,0
576,08/05/2010,1
577,09/05/2010,1
578,10/05/2010,1
579,11/05/2010,8
580,19/05/2010,2
581,21/05/2010,3
582,24/05/2010,0
583,24/05/2010,9
584,02/06/2010,3
585,05/06/2010,4
586,09/06/2010,0
587,09/06/2010,4
588,13/06/2010,0
589,13/06/2010,1
590,14/06/2010,2
591,16/06/2010,1
592,17/06/2010,1
593,18/06/2010,4
594,22/06/2010,0
595,22/06/2010,0
596,22/06/2010,1
597,23/06/2010,0
598,23/06/2010,2
599,25/06/2010,0
600,25/06/2010,2
601,27/06/2010,3
602,30/06/2010,1
603,01/07/2010,0
604,01/07/2010,1
605,02/07/2010,1
606,03/07/2010,9
607,12/07/2010,0
608,12/07/2010,0
609,12/07/2010,0
610,12/07/2010,1
611,13/07/2010,0
612,13/07/2010,1
613,14/07/2010,0
614,14/07/2010,1
615,15/07/2010,0
616,15/07/2010,0
617,15/07/2010,0
618,15/07/2010,0
619,15/07/2010,1
620,16/07/2010,0
621,16/07/2010,0
622,16/07/2010,0
623,16/07/2010,1
624,17/07/2010,4
625,21/07/2010,1
626,22/07/2010,0
627,22/07/2010,0
628,22/07/2010,0
629,22/07/2010,2
630,24/07/2010,0
631,24/07/2010,1
632,25/07/2010,1
633,26/07/2010,2
634,28/07/2010,0
635,28/07/2010,0
636,28/07/2010,0
637,28/07/2010,0
638,28/07/2010,0
639,28/07/2010,2
640,30/07/2010,1
641,31/07/2010,1
642,01/08/2010,0
643,01/08/2010,1
644,02/08/2010,2
645,04/08/2010,3
646,07/08/2010,0
647,07/08/2010,1
648,08/08/2010,1
649,09/08/2010,0
650,09/08/2010,1
651,10/08/2010,0
652,10/08/2010,0
653,10/08/2010,1
654,11/08/2010,2
655,13/08/2010,2
656,15/08/2010,4
657,19/08/2010,0
658,19/08/2010,0
659,19/08/2010,1
660,20/08/2010,3
661,23/08/2010,3
662,26/08/2010,3
663,29/08/2010,10
664,08/09/2010,4
665,12/09/2010,1
666,13/09/2010,4
667,17/09/2010,4
668,21/09/2010,3
669,24/09/2010,1
670,25/09/2010,2
671,27/09/2010,2
672,29/09/2010,0
673,29/09/2010,1
674,30/09/2010,4
675,04/10/2010,0
676,04/10/2010,2
677,06/10/2010,4
678,10/10/2010,3
679,13/10/2010,4
680,17/10/2010,3
681,20/10/2010,4
682,24/10/2010,3
683,27/10/2010,6
684,02/11/2010,4
685,06/11/2010,3
686,09/11/2010,1
687,10/11/2010,1
688,11/11/2010,5
689,16/11/2010,3
690,19/11/2010,1
691,20/11/2010,0
692,20/11/2010,1
693,21/11/2010,2
694,23/11/2010,0
695,23/11/2010,0
696,23/11/2010,1
697,24/11/2010,3
698,27/11/2010,1
699,28/11/2010,1
700,29/11/2010,6
701,05/12/2010,0
702,05/12/2010,0
703,05/12/2010,5
704,10/12/2010,0
705,10/12/2010,2
706,12/12/2010,2
707,14/12/2010,1
708,15/12/2010,1
709,16/12/2010,0
710,16/12/2010,0
711,16/12/2010,1
712,17/12/2010,2
713,19/12/2010,0
714,19/12/2010,0
715,19/12/2010,1
716,20/12/2010,1
717,21/12/2010,1
718,22/12/2010,14
719,05/01/2011,6
720,11/01/2011,4
721,15/01/2011,1
722,16/01/2011,1
723,17/01/2011,4
724,21/01/2011,2
725,23/01/2011,1
726,24/01/2011,2
727,26/01/2011,5
728,31/01/2011,2
729,02/02/2011,4
730,06/02/2011,0
731,06/02/2011,1
732,07/02/2011,3
733,10/02/2011,1
734,11/02/2011,4
735,15/02/2011,0
736,15/02/2011,1
737,16/02/2011,0
738,16/02/2011,0
739,16/02/2011,1
740,17/02/2011,0
741,17/02/2011,4
742,21/02/2011,6
743,27/02/2011,3
744,02/03/2011,1
745,03/03/2011,0
746,03/03/2011,1
747,04/03/2011,0
748,04/03/2011,4
749,08/03/2011,1
750,09/03/2011,1
751,10/03/2011,1
752,11/03/2011,1
753,12/03/2011,1
754,13/03/2011,0
755,13/03/2011,1
756,14/03/2011,1
757,15/03/2011,0
758,15/03/2011,1
759,16/03/2011,0
760,16/03/2011,0
761,16/03/2011,0
762,16/03/2011,0
763,16/03/2011,1
764,17/03/2011,0
765,17/03/2011,1
766,18/03/2011,1
767,19/03/2011,4
768,23/03/2011,1
769,24/03/2011,1
770,25/03/2011,1
771,26/03/2011,1
772,27/03/2011,1
773,28/03/2011,2
774,30/03/2011,0
775,30/03/2011,0
776,30/03/2011,0
777,30/03/2011,2
778,01/04/2011,0
779,01/04/2011,0
780,01/04/2011,2
781,03/04/2011,0
782,03/04/2011,0
783,03/04/2011,0
784,03/04/2011,1
785,04/04/2011,2
786,06/04/2011,4
787,10/04/2011,0
788,10/04/2011,2
789,12/04/2011,1
790,13/04/2011,1
791,14/04/2011,0
792,14/04/2011,0
793,14/04/2011,1
794,15/04/2011,1
795,16/04/2011,1
796,17/04/2011,0
797,17/04/2011,1
798,18/04/2011,1
799,19/04/2011,2
800,21/04/2011,0
801,21/04/2011,6
802,27/04/2011,3
803,30/04/2011,4
804,04/05/2011,1
805,05/05/2011,1
806,06/05/2011,1
807,07/05/2011,0
808,07/05/2011,1
809,08/05/2011,4
810,12/05/2011,1
811,13/05/2011,0
812,13/05/2011,0
813,13/05/2011,1
814,14/05/2011,0
815,14/05/2011,1
816,15/05/2011,3
817,18/05/2011,1
818,19/05/2011,2
819,21/05/2011,3
820,24/05/2011,1
821,25/05/2011,1
822,26/05/2011,0
823,26/05/2011,3
824,29/05/2011,0
825,29/05/2011,3
826,01/06/2011,2
827,03/06/2011,0
828,03/06/2011,2
829,05/06/2011,2
830,07/06/2011,2
831,09/06/2011,1
832,10/06/2011,0
833,10/06/2011,1
834,11/06/2011,0
835,11/06/2011,1
836,12/06/2011,3
837,15/06/2011,3
838,18/06/2011,1
839,19/06/2011,1
840,20/06/2011,3
841,23/06/2011,1
842,24/06/2011,2
843,26/06/2011,1
844,27/06/2011,1
845,28/06/2011,1
846,29/06/2011,0
847,29/06/2011,0
848,29/06/2011,0
849,29/06/2011,1
850,30/06/2011,1
851,01/07/2011,1
852,02/07/2011,2
853,04/07/2011,0
854,04/07/2011,1
855,05/07/2011,2
856,07/07/2011,0
857,07/07/2011,0
858,07/07/2011,1
859,08/07/2011,1
860,09/07/2011,1
861,10/07/2011,5
862,15/07/2011,1
863,16/07/2011,1
864,17/07/2011,2
865,19/07/2011,0
866,19/07/2011,0
867,19/07/2011,0
868,19/07/2011,6
869,25/07/2011,5
870,30/07/2011,2
871,01/08/2011,3
872,04/08/2011,0
873,04/08/2011,1
874,05/08/2011,1
875,06/08/2011,0
876,06/08/2011,0
877,06/08/2011,0
878,06/08/2011,0
879,06/08/2011,1
880,07/08/2011,1
881,08/08/2011,0
882,08/08/2011,1
883,09/08/2011,1
884,10/08/2011,0
885,10/08/2011,1
886,11/08/2011,2
887,13/08/2011,0
888,13/08/2011,1
889,14/08/2011,0
890,14/08/2011,11
891,25/08/2011,6
892,31/08/2011,1
893,01/09/2011,0
894,01/09/2011,3
895,04/09/2011,1
896,05/09/2011,3
897,08/09/2011,3
898,11/09/2011,0
899,11/09/2011,1
900,12/09/2011,3
901,15/09/2011,0
902,15/09/2011,5
903,20/09/2011,2
904,22/09/2011,3
905,25/09/2011,0
906,25/09/2011,2
907,27/09/2011,0
908,27/09/2011,1
909,28/09/2011,1
910,29/09/2011,0
911,29/09/2011,1
912,30/09/2011,1
913,01/10/2011,0
914,01/10/2011,2
915,03/10/2011,7
916,10/10/2011,0
917,10/10/2011,0
918,10/10/2011,0
919,10/10/2011,1
920,11/10/2011,1
921,12/10/2011,1
922,13/10/2011,5
923,18/10/2011,1
924,19/10/2011,1
925,20/10/2011,1
926,21/10/2011,2
927,23/10/2011,3
928,26/10/2011,2
929,28/10/2011,2
930,30/10/2011,5
931,04/11/2011,2
932,06/11/2011,5
933,11/11/2011,2
934,13/11/2011,1
935,14/11/2011,0
936,14/11/2011,1
937,15/11/2011,0
938,15/11/2011,1
939,16/11/2011,4
940,20/11/2011,0
941,20/11/2011,1
942,21/11/2011,3
943,24/11/2011,1
944,25/11/2011,2
945,27/11/2011,2
946,29/11/2011,2
947,01/12/2011,2
948,03/12/2011,3
949,06/12/2011,2
950,08/12/2011,4
951,12/12/2011,1
952,13/12/2011,1
953,14/12/2011,1
954,15/12/2011,1
955,16/12/2011,0
956,16/12/2011,2
957,18/12/2011,2
958,20/12/2011,1
959,21/12/2011,0
960,21/12/2011,0
961,21/12/2011,1
962,22/12/2011,0
963,22/12/2011,3
964,25/12/2011,3
965,28/12/2011,0
966,28/12/2011,4
967,01/01/2012,0
968,01/01/2012,0
969,01/01/2012,2
970,03/01/2012,5
971,08/01/2012,5
972,13/01/2012,2
973,15/01/2012,2
974,17/01/2012,1
975,18/01/2012,1
976,19/01/2012,0
977,19/01/2012,0
978,19/01/2012,1
979,20/01/2012,0
980,20/01/2012,2
981,22/01/2012,0
982,22/01/2012,2
983,24/01/2012,1
984,25/01/2012,1
985,26/01/2012,3
986,29/01/2012,0
987,29/01/2012,0
988,29/01/2012,2
989,31/01/2012,2
990,02/02/2012,1
991,03/02/2012,2
992,05/02/2012,0
993,05/02/2012,2
994,07/02/2012,2
995,09/02/2012,0
996,09/02/2012,0
997,09/02/2012,0
998,09/02/2012,0
999,09/02/2012,0
1000,09/02/2012,3
1001,12/02/2012,1
1002,13/02/2012,0
1003,13/02/2012,1
1004,14/02/2012,0
1005,14/02/2012,2
1006,16/02/2012,1
1007,17/02/2012,2
1008,19/02/2012,2
1009,21/02/2012,2
1010,23/02/2012,2
1011,25/02/2012,1
1012,26/02/2012,1
1013,27/02/2012,3
1014,01/03/2012,0
1015,01/03/2012,0
1016,01/03/2012,1
1017,02/03/2012,1
1018,03/03/2012,4
1019,07/03/2012,3
1020,10/03/2012,0
1021,10/03/2012,5
1022,15/03/2012,2
1023,17/03/2012,1
1024,18/03/2012,0
1025,18/03/2012,2
1026,20/03/2012,1
1027,21/03/2012,1
1028,22/03/2012,2
1029,24/03/2012,1
1030,25/03/2012,1
1031,26/03/2012,1
1032,27/03/2012,2
1033,29/03/2012,12
1034,10/04/2012,1
1035,11/04/2012,5
1036,16/04/2012,1
1037,17/04/2012,5
1038,22/04/2012,1
1039,23/04/2012,3
1040,26/04/2012,1
1041,27/04/2012,4
1042,01/05/2012,1
1043,02/05/2012,1
1044,03/05/2012,2
1045,05/05/2012,7
1046,12/05/2012,0
1047,12/05/2012,3
1048,15/05/2012,3
1049,18/05/2012,3
1050,21/05/2012,1
1051,22/05/2012,1
1052,23/05/2012,7
1053,30/05/2012,2
1054,01/06/2012,8
1055,09/06/2012,0
1056,09/06/2012,5
1057,14/06/2012,4
1058,18/06/2012,2
1059,20/06/2012,2
1060,22/06/2012,1
1061,23/06/2012,3
1062,26/06/2012,3
1063,29/06/2012,1
1064,30/06/2012,9
1065,09/07/2012,1
1066,10/07/2012,1
1067,11/07/2012,0
1068,11/07/2012,5
1069,16/07/2012,7
1070,23/07/2012,6
1071,29/07/2012,3
1072,01/08/2012,4
1073,05/08/2012,2
1074,07/08/2012,4
1075,11/08/2012,0
1076,11/08/2012,1
1077,12/08/2012,1
1078,13/08/2012,1
1079,14/08/2012,0
1080,14/08/2012,1
1081,15/08/2012,4
1082,19/08/2012,4
1083,23/08/2012,1
1084,24/08/2012,4
1085,28/08/2012,7
1086,04/09/2012,1
1087,05/09/2012,4
1088,09/09/2012,3
1089,12/09/2012,3
1090,15/09/2012,1
1091,16/09/2012,4
1092,20/09/2012,3
1093,23/09/2012,1
1094,24/09/2012,4
1095,28/09/2012,2
1096,30/09/2012,1
1097,01/10/2012,6
1098,07/10/2012,7
1099,14/10/2012,1
1100,15/10/2012,2
1101,17/10/2012,1
1102,18/10/2012,1
1103,19/10/2012,2
1104,21/10/2012,1
1105,22/10/2012,2
1106,24/10/2012,1
1107,25/10/2012,3
1108,28/10/2012,1
1109,29/10/2012,1
1110,30/10/2012,2
1111,01/11/2012,3
1112,04/11/2012,0
1113,04/11/2012,1
1114,05/11/2012,1
1115,06/11/2012,1
1116,07/11/2012,4
1117,11/11/2012,2
1118,13/11/2012,1
1119,14/11/2012,8
1120,22/11/2012,4
1121,26/11/2012,0
1122,26/11/2012,1
1123,27/11/2012,2
1124,29/11/2012,1
1125,30/11/2012,2
1126,02/12/2012,0
1127,02/12/2012,1
1128,03/12/2012,3
1129,06/12/2012,0
1130,06/12/2012,3
1131,09/12/2012,1
1132,10/12/2012,0
1133,10/12/2012,1
1134,11/12/2012,5
1135,16/12/2012,4
1136,20/12/2012,3
1137,23/12/2012,0
1138,23/12/2012,2
1139,25/12/2012,3
1140,28/12/2012,2
1141,30/12/2012,1
1142,31/12/2012,1
1143,01/01/2013,2
1144,03/01/2013,2
1145,05/01/2013,2
1146,07/01/2013,1
1147,08/01/2013,2
1148,10/01/2013,0
1149,10/01/2013,1
1150,11/01/2013,5
1151,16/01/2013,1
1152,17/01/2013,1
1153,18/01/2013,2
1154,20/01/2013,0
1155,20/01/2013,1
1156,21/01/2013,0
1157,21/01/2013,1
1158,22/01/2013,10
1159,01/02/2013,3
1160,04/02/2013,0
1161,04/02/2013,1
1162,05/02/2013,4
1163,09/02/2013,0
1164,09/02/2013,1
1165,10/02/2013,2
1166,12/02/2013,1
1167,13/02/2013,0
1168,13/02/2013,10
1169,23/02/2013,0
1170,23/02/2013,1
1171,24/02/2013,1
1172,25/02/2013,1
1173,26/02/2013,0
1174,26/02/2013,1
1175,27/02/2013,1
1176,28/02/2013,1
1177,01/03/2013,1
1178,02/03/2013,0
1179,02/03/2013,1
1180,03/03/2013,6
1181,09/03/2013,1
1182,10/03/2013,1
1183,11/03/2013,1
1184,12/03/2013,1
1185,13/03/2013,2
1186,15/03/2013,1
1187,16/03/2013,10
1188,26/03/2013,4
1189,30/03/2013,1
1190,31/03/2013,3
1191,03/04/2013,1
1192,04/04/2013,1
1193,05/04/2013,2
1194,07/04/2013,5
1195,12/04/2013,5
1196,17/04/2013,1
1197,18/04/2013,1
1198,19/04/2013,0
1199,19/04/2013,0
1200,19/04/2013,2
1201,21/04/2013,5
1202,26/04/2013,1
1203,27/04/2013,1
1204,28/04/2013,2
1205,30/04/2013,7
1206,07/05/2013,1
1207,08/05/2013,1
1208,09/05/2013,1
1209,10/05/2013,2
1210,12/05/2013,1
1211,13/05/2013,2
1212,15/05/2013,0
1213,15/05/2013,6
1214,21/05/2013,8
1215,29/05/2013,3
1216,01/06/2013,1
1217,02/06/2013,9
1218,11/06/2013,1
1219,12/06/2013,8
1220,20/06/2013,9
1221,29/06/2013,5
1222,04/07/2013,4
1223,08/07/2013,0
1224,08/07/2013,1
1225,09/07/2013,4
1226,13/07/2013,2
1227,15/07/2013,2
1228,17/07/2013,7
1229,24/07/2013,1
1230,25/07/2013,0
1231,25/07/2013,1
1232,26/07/2013,2
1233,28/07/2013,1
1234,29/07/2013,0
1235,29/07/2013,0
1236,29/07/2013,0
1237,29/07/2013,1
1238,30/07/2013,3
1239,02/08/2013,1
1240,03/08/2013,2
1241,05/08/2013,1
1242,06/08/2013,2
1243,08/08/2013,1
1244,09/08/2013,2
1245,11/08/2013,3
1246,14/08/2013,1
1247,15/08/2013,3
1248,18/08/2013,0
1249,18/08/2013,13
1250,31/08/2013,6
1251,06/09/2013,1
1252,07/09/2013,0
1253,07/09/2013,1
1254,08/09/2013,0
1255,08/09/2013,1
1256,09/09/2013,3
1257,12/09/2013,2
1258,14/09/2013,0
1259,14/09/2013,1
1260,15/09/2013,0
1261,15/09/2013,0
1262,15/09/2013,1
1263,16/09/2013,0
1264,16/09/2013,2
1265,18/09/2013,2
1266,20/09/2013,3
1267,23/09/2013,6
1268,29/09/2013,1
1269,30/09/2013,1
1270,01/10/2013,1
1271,02/10/2013,2
1272,04/10/2013,0
1273,04/10/2013,1
1274,05/10/2013,1
1275,06/10/2013,1
1276,07/10/2013,1
1277,08/10/2013,0
1278,08/10/2013,7
1279,15/10/2013,4
1280,19/10/2013,1
1281,20/10/2013,1
1282,21/10/2013,1
1283,22/10/2013,0
1284,22/10/2013,0
1285,22/10/2013,2
1286,24/10/2013,1
1287,25/10/2013,3
1288,28/10/2013,0
1289,28/10/2013,1
1290,29/10/2013,0
1291,29/10/2013,1
1292,30/10/2013,1
1293,31/10/2013,0
1294,31/10/2013,3
1295,03/11/2013,1
1296,04/11/2013,15
1297,19/11/2013,3
1298,22/11/2013,3
1299,25/11/2013,2
1300,27/11/2013,2
1301,29/11/2013,1
1302,30/11/2013,1
1303,01/12/2013,1
1304,02/12/2013,4
1305,06/12/2013,4
1306,10/12/2013,0
1307,10/12/2013,1
1308,11/12/2013,3
1309,14/12/2013,1
1310,15/12/2013,3
1311,18/12/2013,1
1312,19/12/2013,0
1313,19/12/2013,3
1314,22/12/2013,3
1315,25/12/2013,4
1316,29/12/2013,3
1317,01/01/2014,0
1318,01/01/2014,5
1319,06/01/2014,3
1320,09/01/2014,2
1321,11/01/2014,1
1322,12/01/2014,0
1323,12/01/2014,4
1324,16/01/2014,1
1325,17/01/2014,1
1326,18/01/2014,4
1327,22/01/2014,2
1328,24/01/2014,4
1329,28/01/2014,0
1330,28/01/2014,1
1331,29/01/2014,0
1332,29/01/2014,3
1333,01/02/2014,1
1334,02/02/2014,4
1335,06/02/2014,3
1336,09/02/2014,0
1337,09/02/2014,1
1338,10/02/2014,0
1339,10/02/2014,1
1340,11/02/2014,1
1341,12/02/2014,0
1342,12/02/2014,1
1343,13/02/2014,2
1344,15/02/2014,1
1345,16/02/2014,2
1346,18/02/2014,1
1347,19/02/2014,0
1348,19/02/2014,6
1349,25/02/2014,2
1350,27/02/2014,9
1351,08/03/2014,0
1352,08/03/2014,0
1353,08/03/2014,1
1354,09/03/2014,3
1355,12/03/2014,10
1356,22/03/2014,0
1357,22/03/2014,3
1358,25/03/2014,0
1359,25/03/2014,2
1360,27/03/2014,0
1361,27/03/2014,1
1362,28/03/2014,3
1363,31/03/2014,1
1364,01/04/2014,2
1365,03/04/2014,3
1366,06/04/2014,0
1367,06/04/2014,0
1368,06/04/2014,1
1369,07/04/2014,0
1370,07/04/2014,1
1371,08/04/2014,0
1372,08/04/2014,0
1373,08/04/2014,1
1374,09/04/2014,2
1375,11/04/2014,3
1376,14/04/2014,1
1377,15/04/2014,1
1378,16/04/2014,3
1379,19/04/2014,1
1380,20/04/2014,2
1381,22/04/2014,1
1382,23/04/2014,1
1383,24/04/2014,3
1384,27/04/2014,4
1385,01/05/2014,0
1386,01/05/2014,1
1387,02/05/2014,4
1388,06/05/2014,0
1389,06/05/2014,1
1390,07/05/2014,0
1391,07/05/2014,2
1392,09/05/2014,1
1393,10/05/2014,0
1394,10/05/2014,6
1395,16/05/2014,4
1396,20/05/2014,1
1397,21/05/2014,1
1398,22/05/2014,3
1399,25/05/2014,2
1400,27/05/2014,1
1401,28/05/2014,1
1402,29/05/2014,0
1403,29/05/2014,6
1404,04/06/2014,1
1405,05/06/2014,0
1406,05/06/2014,1
1407,06/06/2014,1
1408,07/06/2014,1
1409,08/06/2014,3
1410,11/06/2014,3
1411,14/06/2014,1
1412,15/06/2014,0
1413,15/06/2014,0
1414,15/06/2014,1
1415,16/06/2014,1
1416,17/06/2014,2
1417,19/06/2014,7
1418,26/06/2014,4
1419,30/06/2014,1
1420,01/07/2014,14
1421,15/07/2014,2
1422,17/07/2014,1
1423,18/07/2014,1
1424,19/07/2014,2
1425,21/07/2014,11
1426,01/08/2014,1
1427,02/08/2014,6
1428,08/08/2014,14
1429,22/08/2014,3
1430,25/08/2014,1
1431,26/08/2014,2
1432,28/08/2014,0
1433,28/08/2014,0
1434,28/08/2014,2
1435,30/08/2014,1
1436,31/08/2014,1
1437,01/09/2014,1
1438,02/09/2014,1
1439,03/09/2014,2
1440,05/09/2014,4
1441,09/09/2014,2
1442,11/09/2014,3
1443,14/09/2014,4
1444,18/09/2014,1
1445,19/09/2014,1
1446,20/09/2014,3
1447,23/09/2014,0
1448,23/09/2014,8
1449,01/10/2014,3
1450,04/10/2014,7
1451,11/10/2014,9
1452,20/10/2014,1
1453,21/10/2014,7
1454,28/10/2014,2
1455,30/10/2014,1
1456,31/10/2014,0
1457,31/10/2014,1
1458,01/11/2014,1
1459,02/11/2014,0
1460,02/11/2014,2
1461,04/11/2014,1
1462,05/11/2014,1
1463,06/11/2014,1
1464,07/11/2014,1
1465,08/11/2014,0
1466,08/11/2014,1
1467,09/11/2014,0
1468,09/11/2014,1
1469,10/11/2014,2
1470,12/11/2014,4
1471,16/11/2014,2
1472,18/11/2014,1
1473,19/11/2014,0
1474,19/11/2014,1
1475,20/11/2014,3
1476,23/11/2014,4
1477,27/11/2014,0
1478,27/11/2014,3
1479,30/11/2014,1
1480,01/12/2014,1
1481,02/12/2014,2
1482,04/12/2014,0
1483,04/12/2014,1
1484,05/12/2014,1
1485,06/12/2014,2
1486,08/12/2014,1
1487,09/12/2014,2
1488,11/12/2014,1
1489,12/12/2014,1
1490,13/12/2014,1
1491,14/12/2014,0
1492,14/12/2014,0
1493,14/12/2014,3
1494,17/12/2014,0
1495,17/12/2014,1
1496,18/12/2014,1
1497,19/12/2014,1
1498,20/12/2014,2
1499,22/12/2014,0
1500,22/12/2014,1
1501,23/12/2014,0
1502,23/12/2014,2
1503,25/12/2014,4
1504,29/12/2014,0
1505,29/12/2014,3
1506,01/01/2015,2
1507,03/01/2015,1
1508,04/01/2015,1
1509,05/01/2015,3
1510,08/01/2015,1
1511,09/01/2015,0
1512,09/01/2015,2
1513,11/01/2015,1
1514,12/01/2015,0
1515,12/01/2015,2
1516,14/01/2015,1
1517,15/01/2015,0
1518,15/01/2015,1
1519,16/01/2015,0
1520,16/01/2015,1
1521,17/01/2015,3
1522,20/01/2015,0
1523,20/01/2015,1
1524,21/01/2015,1
1525,22/01/2015,0
1526,22/01/2015,2
1527,24/01/2015,5
1528,29/01/2015,3
1529,01/02/2015,2
1530,03/02/2015,0
1531,03/02/2015,0
1532,03/02/2015,0
1533,03/02/2015,1
1534,04/02/2015,10
1535,14/02/2015,0
1536,14/02/2015,7
1537,21/02/2015,0
1538,21/02/2015,3
1539,24/02/2015,1
1540,25/02/2015,0
1541,25/02/2015,1
1542,26/02/2015,3
1543,01/03/2015,1
1544,02/03/2015,1
1545,03/03/2015,3
1546,06/03/2015,2
1547,08/03/2015,0
1548,08/03/2015,0
1549,08/03/2015,0
1550,08/03/2015,2
1551,10/03/2015,0
1552,10/03/2015,0
1553,10/03/2015,0
1554,10/03/2015,1
1555,11/03/2015,0
1556,11/03/2015,1
1557,12/03/2015,0
1558,12/03/2015,1
1559,13/03/2015,1
1560,14/03/2015,3
1561,17/03/2015,2
1562,19/03/2015,1
1563,20/03/2015,2
1564,22/03/2015,4
1565,26/03/2015,0
1566,26/03/2015,0
1567,26/03/2015,1
1568,27/03/2015,5
1569,01/04/2015,0
1570,01/04/2015,1
1571,02/04/2015,0
1572,02/04/2015,4
1573,06/04/2015,0
1574,06/04/2015,2
1575,08/04/2015,0
1576,08/04/2015,0
1577,08/04/2015,1
1578,09/04/2015,0
1579,09/04/2015,0
1580,09/04/2015,0
1581,09/04/2015,1
1582,10/04/2015,1
1583,11/04/2015,1
1584,12/04/2015,0
1585,12/04/2015,1
1586,13/04/2015,1
1587,14/04/2015,1
1588,15/04/2015,0
1589,15/04/2015,0
1590,15/04/2015,0
1591,15/04/2015,1
1592,16/04/2015,0
1593,16/04/2015,1
1594,17/04/2015,0
1595,17/04/2015,2
1596,19/04/2015,3
1597,22/04/2015,1
1598,23/04/2015,1
1599,24/04/2015,2
1600,26/04/2015,1
1601,27/04/2015,0
1602,27/04/2015,1
1603,28/04/2015,1
1604,29/04/2015,1
1605,30/04/2015,0
1606,30/04/2015,1
1607,01/05/2015,1
1608,02/05/2015,1
1609,03/05/2015,1
1610,04/05/2015,0
1611,04/05/2015,0
1612,04/05/2015,2
1613,06/05/2015,7
1614,13/05/2015,3
1615,16/05/2015,2
1616,18/05/2015,0
1617,18/05/2015,17
1618,04/06/2015,3
1619,07/06/2015,0
1620,07/06/2015,1
1621,08/06/2015,1
1622,09/06/2015,0
1623,09/06/2015,1
1624,10/06/2015,0
1625,10/06/2015,3
1626,13/06/2015,0
1627,13/06/2015,3
1628,16/06/2015,15
1629,01/07/2015,1
1630,02/07/2015,0
1631,02/07/2015,3
1632,05/07/2015,2
1633,07/07/2015,0
1634,07/07/2015,0
1635,07/07/2015,1
1636,08/07/2015,1
1637,09/07/2015,0
1638,09/07/2015,1
1639,10/07/2015,4
1640,14/07/2015,0
1641,14/07/2015,1
1642,15/07/2015,1
1643,16/07/2015,1
1644,17/07/2015,3
1645,20/07/2015,1
1646,21/07/2015,1
1647,22/07/2015,1
1648,23/07/2015,1
1649,24/07/2015,1
1650,25/07/2015,1
1651,26/07/2015,3
1652,29/07/2015,1
1653,30/07/2015,12
1654,11/08/2015,3
1655,14/08/2015,0
1656,14/08/2015,2
1657,16/08/2015,0
1658,16/08/2015,2
1659,18/08/2015,7
1660,25/08/2015,0
1661,25/08/2015,1
1662,26/08/2015,1
1663,27/08/2015,0
1664,27/08/2015,4
1665,31/08/2015,0
1666,31/08/2015,4
1667,04/09/2015,0
1668,04/09/2015,1
1669,05/09/2015,2
1670,07/09/2015,2
1671,09/09/2015,2
1672,11/09/2015,1
1673,12/09/2015,0
1674,12/09/2015,3
1675,15/09/2015,0
1676,15/09/2015,1
1677,16/09/2015,1
1678,17/09/2015,4
1679,21/09/2015,1
1680,22/09/2015,1
1681,23/09/2015,2
1682,25/09/2015,1
1683,26/09/2015,1
1684,27/09/2015,0
1685,27/09/2015,0
1686,27/09/2015,1
1687,28/09/2015,1
1688,29/09/2015,1
1689,30/09/2015,0
1690,30/09/2015,1
1691,01/10/2015,4
1692,05/10/2015,0
1693,05/10/2015,0
1694,05/10/2015,1
1695,06/10/2015,1
1696,07/10/2015,3
1697,10/10/2015,1
1698,11/10/2015,2
1699,13/10/2015,1
1700,14/10/2015,1
1701,15/10/2015,1
1702,16/10/2015,0
1703,16/10/2015,3
1704,19/10/2015,3
1705,22/10/2015,0
1706,22/10/2015,7
1707,29/10/2015,0
1708,29/10/2015,0
1709,29/10/2015,1
1710,30/10/2015,2
1711,01/11/2015,1
1712,02/11/2015,0
1713,02/11/2015,8
1714,10/11/2015,1
1715,11/11/2015,0
1716,11/11/2015,1
1717,12/11/2015,4
1718,16/11/2015,1
1719,17/11/2015,0
1720,17/11/2015,1
1721,18/11/2015,2
1722,20/11/2015,0
1723,20/11/2015,1
1724,21/11/2015,1
1725,22/11/2015,1
1726,23/11/2015,1
1727,24/11/2015,6
1728,30/11/2015,2
1729,02/12/2015,2
1730,04/12/2015,1
1731,05/12/2015,1
1732,06/12/2015,1
1733,07/12/2015,0
1734,07/12/2015,4
1735,11/12/2015,2
1736,13/12/2015,1
1737,14/12/2015,0
1738,14/12/2015,1
1739,15/12/2015,0
1740,15/12/2015,5
1741,20/12/2015,1
1742,21/12/2015,0
1743,21/12/2015,1
1744,22/12/2015,1
1745,23/12/2015,1
1746,24/12/2015,1
1747,25/12/2015,2
1748,27/12/2015,0
1749,27/12/2015,1
1750,28/12/2015,1
1751,29/12/2015,2
1752,31/12/2015,1
1753,01/01/2016,0
1754,01/01/2016,0
1755,01/01/2016,0
1756,01/01/2016,0
1757,01/01/2016,0
1758,01/01/2016,0
1759,01/01/2016,0
1760,01/01/2016,0
1761,01/01/2016,1
1762,02/01/2016,0
1763,02/01/2016,1
1764,03/01/2016,1
1765,04/01/2016,3
1766,07/01/2016,1
1767,08/01/2016,2
1768,10/01/2016,0
1769,10/01/2016,1
1770,11/01/2016,0
1771,11/01/2016,0
1772,11/01/2016,6
1773,17/01/2016,5
1774,22/01/2016,1
1775,23/01/2016,2
1776,25/01/2016,5
1777,30/01/2016,2
1778,01/02/2016,1
1779,02/02/2016,2
1780,04/02/2016,1
1781,05/02/2016,3
1782,08/02/2016,0
1783,08/02/2016,1
1784,09/02/2016,0
1785,09/02/2016,0
1786,09/02/2016,1
1787,10/02/2016,2
1788,12/02/2016,1
1789,13/02/2016,1
1790,14/02/2016,1
1791,15/02/2016,1
1792,16/02/2016,1
1793,17/02/2016,2
1794,19/02/2016,0
1795,19/02/2016,1
1796,20/02/2016,2
1797,22/02/2016,2
1798,24/02/2016,1
1799,25/02/2016,1
1800,26/02/2016,3
1801,29/02/2016,1
1802,01/03/2016,1
1803,02/03/2016,1
1804,03/03/2016,2
1805,05/03/2016,1
1806,06/03/2016,1
1807,07/03/2016,0
1808,07/03/2016,2
1809,09/03/2016,0
1810,09/03/2016,5
1811,14/03/2016,2
1812,16/03/2016,0
1813,16/03/2016,1
1814,17/03/2016,0
1815,17/03/2016,4
1816,21/03/2016,0
1817,21/03/2016,0
1818,21/03/2016,4
1819,25/03/2016,3
1820,28/03/2016,0
1821,28/03/2016,10
1822,07/04/2016,4
1823,11/04/2016,2
1824,13/04/2016,1
1825,14/04/2016,0
1826,14/04/2016,2
1827,16/04/2016,2
1828,18/04/2016,2
1829,20/04/2016,0
1830,20/04/2016,3
1831,23/04/2016,1
1832,24/04/2016,2
1833,26/04/2016,0
1834,26/04/2016,1
1835,27/04/2016,1
1836,28/04/2016,1
1837,29/04/2016,1
1838,30/04/2016,0
1839,30/04/2016,1
1840,01/05/2016,0
1841,01/05/2016,2
1842,03/05/2016,1
1843,04/05/2016,2
1844,06/05/2016,2
1845,08/05/2016,2
1846,10/05/2016,0
1847,10/05/2016,0
1848,10/05/2016,5
1849,15/05/2016,0
1850,15/05/2016,1
1851,16/05/2016,2
1852,18/05/2016,0
1853,18/05/2016,6
1854,24/05/2016,14
1855,07/06/2016,1
1856,08/06/2016,0
1857,08/06/2016,2
1858,10/06/2016,2
1859,12/06/2016,4
1860,16/06/2016,1
1861,17/06/2016,1
1862,18/06/2016,4
1863,22/06/2016,1
1864,23/06/2016,1
1865,24/06/2016,2
1866,26/06/2016,1
1867,27/06/2016,14
1868,11/07/2016,1
1869,12/07/2016,1
1870,13/07/2016,1
1871,14/07/2016,0
1872,14/07/2016,1
1873,15/07/2016,1
1874,16/07/2016,1
1875,17/07/2016,5
1876,22/07/2016,3
1877,25/07/2016,1
1878,26/07/2016,1
1879,27/07/2016,0
1880,27/07/2016,0
1881,27/07/2016,4
1882,31/07/2016,0
1883,31/07/2016,1
1884,01/08/2016,6
1885,07/08/2016,1
1886,08/08/2016,7
1887,15/08/2016,18
1888,02/09/2016,0
1889,02/09/2016,1
1890,03/09/2016,6
1891,09/09/2016,1
1892,10/09/2016,2
1893,12/09/2016,1
1894,13/09/2016,9
1895,22/09/2016,3
1896,25/09/2016,1
1897,26/09/2016,3
1898,29/09/2016,0
1899,29/09/2016,2
1900,01/10/2016,0
1901,01/10/2016,5
1902,06/10/2016,1
1903,07/10/2016,2
1904,09/10/2016,1
1905,10/10/2016,4
1906,14/10/2016,5
1907,19/10/2016,0
1908,19/10/2016,5
1909,24/10/2016,2
1910,26/10/2016,2
1911,28/10/2016,3
1912,31/10/2016,1
1913,01/11/2016,1
1914,02/11/2016,1
1915,03/11/2016,1
1916,04/11/2016,1
1917,05/11/2016,0
1918,05/11/2016,1
1919,06/11/2016,0
1920,06/11/2016,3
1921,09/11/2016,1
1922,10/11/2016,0
1923,10/11/2016,6
1924,16/11/2016,6
1925,22/11/2016,1
1926,23/11/2016,1
1927,24/11/2016,1
1928,25/11/2016,3
1929,28/11/2016,0
1930,28/11/2016,1
1931,29/11/2016,6
1932,05/12/2016,0
1933,05/12/2016,0
1934,05/12/2016,1
1935,06/12/2016,1
1936,07/12/2016,3
1937,10/12/2016,0
1938,10/12/2016,1
1939,11/12/2016,1
1940,12/12/2016,0
1941,12/12/2016,2
1942,14/12/2016,0
1943,14/12/2016,1
1944,15/12/2016,1
1945,16/12/2016,0
1946,16/12/2016,2
1947,18/12/2016,3
1948,21/12/2016,3
1949,24/12/2016,0
1950,24/12/2016,2
1951,26/12/2016,1
1952,27/12/2016,7
1953,03/01/2017,4
1954,07/01/2017,2
1955,09/01/2017,0
1956,09/01/2017,1
1957,10/01/2017,2
1958,12/01/2017,2
1959,14/01/2017,2
1960,16/01/2017,1
1961,17/01/2017,0
1962,17/01/2017,1
1963,18/01/2017,5
1964,23/01/2017,0
1965,23/01/2017,0
1966,23/01/2017,3
1967,26/01/2017,1
1968,27/01/2017,1
1969,28/01/2017,1
1970,29/01/2017,0
1971,29/01/2017,1
1972,30/01/2017,1
1973,31/01/2017,4
1974,04/02/2017,6
1975,10/02/2017,1
1976,11/02/2017,2
1977,13/02/2017,1
1978,14/02/2017,0
1979,14/02/2017,0
1980,14/02/2017,6
1981,20/02/2017,1
1982,21/02/2017,1
1983,22/02/2017,4
1984,26/02/2017,1
1985,27/02/2017,0
1986,27/02/2017,1
1987,28/02/2017,1
1988,01/03/2017,2
1989,03/03/2017,0
1990,03/03/2017,0
1991,03/03/2017,3
1992,06/03/2017,1
1993,07/03/2017,0
1994,07/03/2017,3
1995,10/03/2017,0
1996,10/03/2017,1
1997,11/03/2017,0
1998,11/03/2017,1
1999,12/03/2017,3
2000,15/03/2017,1
2001,16/03/2017,2
2002,18/03/2017,0
2003,18/03/2017,1
2004,19/03/2017,1
2005,20/03/2017,1
2006,21/03/2017,2
2007,23/03/2017,3
2008,26/03/2017,3
2009,29/03/2017,1
2010,30/03/2017,1
2011,31/03/2017,1
2012,01/04/2017,1
2013,02/04/2017,2
2014,04/04/2017,1
2015,05/04/2017,3
2016,08/04/2017,1
2017,09/04/2017,1
2018,10/04/2017,0
2019,10/04/2017,1
2020,11/04/2017,2
2021,13/04/2017,4
2022,17/04/2017,1
2023,18/04/2017,0
2024,18/04/2017,0
2025,18/04/2017,1
2026,19/04/2017,5
2027,24/04/2017,2
2028,26/04/2017,0
2029,26/04/2017,0
2030,26/04/2017,1
2031,27/04/2017,6
2032,03/05/2017,0
2033,03/05/2017,8
2034,11/05/2017,2
2035,13/05/2017,0
2036,13/05/2017,1
2037,14/05/2017,0
2038,14/05/2017,1
2039,15/05/2017,1
2040,16/05/2017,1
2041,17/05/2017,2
2042,19/05/2017,1
2043,20/05/2017,2
2044,22/05/2017,3
2045,25/05/2017,4
2046,29/05/2017,9
2047,,
2048,07/06/2017,0
2049,07/06/2017,1
2050,08/06/2017,4
2051,12/06/2017,9
2052,21/06/2017,0
2053,21/06/2017,2
2054,23/06/2017,1
2055,24/06/2017,4
2056,28/06/2017,7
2057,05/07/2017,3
2058,08/07/2017,2
2059,10/07/2017,1
2060,11/07/2017,0
2061,11/07/2017,1
2062,12/07/2017,0
2063,12/07/2017,5
2064,17/07/2017,0
2065,17/07/2017,2
2066,19/07/2017,2
2067,21/07/2017,0
2068,21/07/2017,1
2069,22/07/2017,4
2070,26/07/2017,28
2071,23/08/2017,0
2072,23/08/2017,3
2073,26/08/2017,2
2074,28/08/2017,2
2075,30/08/2017,2
2076,01/09/2017,0
2077,01/09/2017,1
2078,02/09/2017,1
2079,03/09/2017,0
2080,03/09/2017,2
2081,05/09/2017,3
2082,08/09/2017,1
2083,09/09/2017,1
2084,10/09/2017,0
2085,10/09/2017,4
2086,14/09/2017,0
2087,14/09/2017,4
2088,18/09/2017,0
2089,18/09/2017,2
2090,20/09/2017,0
2091,20/09/2017,1
2092,21/09/2017,3
2093,24/09/2017,1
2094,25/09/2017,0
2095,25/09/2017,7
2096,02/10/2017,3
2097,05/10/2017,5
2098,10/10/2017,7
2099,17/10/2017,1
2100,18/10/2017,4
2101,22/10/2017,1
2102,23/10/2017,3
2103,26/10/2017,12
2104,07/11/2017,0
2105,07/11/2017,1
2106,08/11/2017,0
2107,08/11/2017,9
2108,17/11/2017,1
2109,18/11/2017,3
2110,21/11/2017,0
2111,21/11/2017,2
2112,23/11/2017,4
2113,27/11/2017,2
2114,29/11/2017,2
2115,01/12/2017,1
2116,02/12/2017,2
2117,04/12/2017,1
2118,05/12/2017,1
2119,06/12/2017,1
2120,07/12/2017,11
2121,18/12/2017,1
2122,19/12/2017,7
2123,26/12/2017,3
2124,29/12/2017,5
2125,03/01/2018,1
2126,04/01/2018,0
2127,04/01/2018,1
2128,05/01/2018,3
2129,08/01/2018,4
2130,12/01/2018,3
2131,15/01/2018,3
2132,18/01/2018,4
2133,22/01/2018,1
2134,23/01/2018,0
2135,23/01/2018,1
2136,24/01/2018,3
2137,27/01/2018,5
2138,01/02/2018,6
2139,07/02/2018,6
2140,13/02/2018,10
2141,23/02/2018,0
2142,23/02/2018,5
2143,28/02/2018,2
2144,02/03/2018,0
2145,02/03/2018,3
2146,05/03/2018,7
2147,12/03/2018,9
2148,21/03/2018,3
2149,24/03/2018,2
2150,26/03/2018,5
2151,31/03/2018,3
2152,03/04/2018,3
2153,06/04/2018,1
2154,07/04/2018,6
2155,13/04/2018,7
2156,20/04/2018,2
2157,22/04/2018,3
2158,25/04/2018,7
2159,02/05/2018,3
2160,05/05/2018,3
2161,08/05/2018,4
2162,12/05/2018,2
2163,14/05/2018,8
2164,22/05/2018,2
2165,24/05/2018,5
2166,29/05/2018,0
2167,29/05/2018,6
2168,04/06/2018,7
2169,11/06/2018,1
2170,12/06/2018,5
2171,17/06/2018,3
2172,20/06/2018,8
2173,28/06/2018,2
2174,30/06/2018,5
2175,05/07/2018,5
2176,10/07/2018,13
2177,23/07/2018,1
2178,24/07/2018,3
2179,27/07/2018,4
2180,31/07/2018,6
2181,06/08/2018,1
2182,07/08/2018,30
2183,06/09/2018,21
2184,27/09/2018,1
2185,28/09/2018,3
2186,01/10/2018,3
2187,04/10/2018,5
2188,09/10/2018,1
2189,10/10/2018,3
2190,13/10/2018,3
2191,16/10/2018,2
2192,18/10/2018,4
2193,22/10/2018,2
2194,24/10/2018,1
2195,25/10/2018,1
2196,26/10/2018,4
2197,30/10/2018,5
2198,04/11/2018,1
2199,05/11/2018,1
2200,06/11/2018,8
2201,14/11/2018,1
2202,15/11/2018,1
2203,16/11/2018,12
2204,28/11/2018,1
2205,29/11/2018,3
2206,02/12/2018,3
2207,05/12/2018,4
2208,09/12/2018,1
2209,10/12/2018,1
2210,11/12/2018,2
2211,13/12/2018,3
2212,16/12/2018,3
2213,19/12/2018,27
2214,15/01/2019,2
2215,17/01/2019,1
2216,18/01/2019,13
2217,31/01/2019,2
2218,02/02/2019,3
2219,05/02/2019,0
2220,05/02/2019,1
2221,06/02/2019,2
2222,08/02/2019,10
2223,18/02/2019,3
2224,21/02/2019,0
2225,21/02/2019,11
2226,04/03/2019,3
2227,07/03/2019,0
2228,07/03/2019,4
2229,11/03/2019,1
2230,12/03/2019,0
2231,12/03/2019,1
2232,13/03/2019,1
2233,14/03/2019,2
2234,16/03/2019,8
2235,24/03/2019,3
2236,27/03/2019,3
2237,30/03/2019,2
2238,01/04/2019,1
2239,02/04/2019,8
2240,10/04/2019,2
2241,12/04/2019,1
2242,13/04/2019,1
2243,14/04/2019,1
2244,15/04/2019,3
2245,18/04/2019,2
2246,20/04/2019,2
2247,22/04/2019,1
2248,23/04/2019,3
2249,26/04/2019,3
2250,29/04/2019,1
2251,30/04/2019,2
2252,02/05/2019,2
2253,04/05/2019,9
2254,13/05/2019,0
2255,13/05/2019,0
2256,13/05/2019,2
2257,15/05/2019,4
2258,19/05/2019,1
2259,20/05/2019,1
2260,21/05/2019,6
2261,27/05/2019,1
2262,28/05/2019,5
2263,02/06/2019,4
2264,06/06/2019,4
2265,10/06/2019,0
2266,10/06/2019,1
2267,11/06/2019,5
2268,16/06/2019,15
2269,01/07/2019,4
2270,05/07/2019,10
2271,15/07/2019,0
2272,15/07/2019,1
2273,16/07/2019,0
2274,16/07/2019,18
2275,03/08/2019,10
2276,13/08/2019,19
2277,01/09/2019,1
2278,02/09/2019,0
2279,02/09/2019,1
2280,03/09/2019,2
2281,05/09/2019,2
2282,07/09/2019,1
2283,08/09/2019,0
2284,08/09/2019,2
2285,10/09/2019,2
2286,12/09/2019,2
2287,14/09/2019,1
2288,15/09/2019,1
2289,16/09/2019,1
2290,17/09/2019,15
2291,02/10/2019,4
2292,06/10/2019,1
2293,07/10/2019,12
2294,19/10/2019,11
2295,30/10/2019,3
2296,02/11/2019,2
2297,04/11/2019,2
2298,06/11/2019,0
2299,06/11/2019,2
2300,08/11/2019,2
2301,10/11/2019,3
2302,13/11/2019,3
2303,16/11/2019,2
2304,18/11/2019,4
2305,22/11/2019,1
2306,23/11/2019,20
2307,13/12/2019,3
2308,16/12/2019,21
2309,06/01/2020,8
2310,14/01/2020,13
2311,27/01/2020,5
2312,01/02/2020,24
2313,25/02/2020,1
2314,26/02/2020,6
2315,03/03/2020,14
2316,17/03/2020,2
2317,19/03/2020,1
2318,20/03/2020,3
2319,23/03/2020,3
2320,26/03/2020,7
2321,02/04/2020,5
2322,07/04/2020,0
2323,07/04/2020,7
2324,14/04/2020,5
2325,19/04/2020,3
2326,22/04/2020,6
2327,28/04/2020,1
2328,29/04/2020,3
2329,02/05/2020,4
2330,06/05/2020,9
2331,15/05/2020,4
2332,19/05/2020,4
2333,23/05/2020,2
2334,25/05/2020,15
2335,09/06/2020,1
2336,10/06/2020,2
2337,12/06/2020,3
2338,15/06/2020,2
2339,17/06/2020,2
2340,19/06/2020,4
2341,23/06/2020,2
2342,25/06/2020,5
2343,30/06/2020,4
2344,04/07/2020,4
2345,08/07/2020,3
2346,11/07/2020,3
2347,14/07/2020,5
2348,19/07/2020,4
2349,23/07/2020,5
2350,28/07/2020,3
2351,31/07/2020,4
2352,04/08/2020,1
2353,05/08/2020,3
2354,08/08/2020,2
2355,10/08/2020,1
2356,11/08/2020,1
2357,12/08/2020,3
2358,15/08/2020,2
2359,17/08/2020,2
2360,19/08/2020,3
2361,22/08/2020,2
2362,24/08/2020,2
2363,26/08/2020,6
2364,01/09/2020,3
2365,04/09/2020,3
2366,07/09/2020,0
2367,07/09/2020,3
2368,10/09/2020,2
2369,12/09/2020,2
2370,14/09/2020,1
2371,15/09/2020,3
2372,18/09/2020,2
2373,20/09/2020,1
2374,21/09/2020,3
2375,24/09/2020,3
2376,27/09/2020,3
2377,30/09/2020,0
2378,30/09/2020,4
2379,04/10/2020,3
2380,07/10/2020,9
2381,16/10/2020,2
2382,18/10/2020,1
2383,19/10/2020,2
2384,21/10/2020,2
2385,23/10/2020,1
2386,24/10/2020,2
2387,26/10/2020,2
2388,28/10/2020,1
2389,29/10/2020,3
2390,01/11/2020,3
2391,04/11/2020,2
2392,06/11/2020,1
2393,07/11/2020,1
2394,08/11/2020,3
2395,11/11/2020,3
2396,14/11/2020,2
2397,16/11/2020,2
2398,18/11/2020,3
2399,21/11/2020,3
2400,24/11/2020,8
2401,02/12/2020,5
2402,07/12/2020,3
2403,10/12/2020,11
2404,21/12/2020,6
2405,27/12/2020,2
2406,29/12/2020,2
2407,31/12/2020,4
2408,04/01/2021,2
2409,06/01/2021,5
2410,11/01/2021,2
2411,13/01/2021,5
2412,18/01/2021,2
2413,20/01/2021,2
2414,22/01/2021,11
2415,02/02/2021,15
2416,17/02/2021,7
2417,24/02/2021,2
2418,26/02/2021,3
2419,01/03/2021,3
2420,04/03/2021,1
2421,05/03/2021,3
2422,08/03/2021,3
2423,11/03/2021,1
2424,12/03/2021,7
2425,19/03/2021,4
2426,23/03/2021,1
2427,24/03/2021,4
2428,28/03/2021,12
2429,09/04/2021,4
2430,13/04/2021,2
2431,15/04/2021,14
2432,29/04/2021,2
2433,01/05/2021,1
2434,02/05/2021,1
2435,03/05/2021,2
2436,05/05/2021,16
2437,21/05/2021,11
2438,01/06/2021,10
2439,11/06/2021,26
2440,07/07/2021,2
2441,09/07/2021,3
2442,12/07/2021,4
2443,16/07/2021,10
2444,26/07/2021,4
2445,30/07/2021,11
2446,10/08/2021,5
2447,15/08/2021,9
2448,24/08/2021,3
2449,27/08/2021,6
2450,02/09/2021,5
2451,07/09/2021,4
2452,11/09/2021,5
2453,16/09/2021,4
2454,20/09/2021,3
2455,23/09/2021,4
2456,27/09/2021,6
2457,03/10/2021,1
2458,04/10/2021,4
2459,08/10/2021,9
2460,17/10/2021,9
2461,26/10/2021,5
2462,31/10/2021,2
2463,02/11/2021,3
2464,05/11/2021,4
2465,09/11/2021,0
2466,09/11/2021,2
2467,11/11/2021,9
2468,20/11/2021,5
2469,25/11/2021,4
2470,29/11/2021,4
2471,03/12/2021,3
2472,06/12/2021,4
2473,10/12/2021,4
2474,14/12/2021,2
2475,16/12/2021,2
2476,18/12/2021,1
2477,19/12/2021,2
2478,21/12/2021,8
2479,29/12/2021,2
2480,31/12/2021,15
2481,15/01/2022,33
2482,17/02/2022,2
2483,19/02/2022,1
2484,20/02/2022,2
2485,22/02/2022,4
2486,26/02/2022,2
2487,28/02/2022,3
2488,03/03/2022,5
2489,08/03/2022,1
2490,09/03/2022,1
2491,10/03/2022,5
2492,15/03/2022,2
2493,17/03/2022,4
2494,21/03/2022,9
2495,30/03/2022,8
2496,07/04/2022,13
2497,20/04/2022,3
2498,23/04/2022,6
2499,29/04/2022,6
2500,05/05/2022,22
2501,27/05/2022,2
2502,29/05/2022,3
2503,01/06/2022,5
2504,06/06/2022,11
2505,17/06/2022,6
2506,23/06/2022,9
2507,02/07/2022,3
2508,05/07/2022,3
2509,08/07/2022,4
2510,12/07/2022,2
2511,14/07/2022,6
2512,20/07/2022,2
2513,22/07/2022,3
2514,25/07/2022,2
2515,27/07/2022,0
2516,27/07/2022,2
2517,29/07/2022,2
2518,31/07/2022,2
2519,02/08/2022,1
2520,03/08/2022,9
2521,12/08/2022,3
2522,15/08/2022,0
2523,15/08/2022,6
2524,21/08/2022,22
2525,12/09/2022,2
2526,14/09/2022,1
2527,15/09/2022,14
2528,29/09/2022,10
2529,09/10/2022,2
2530,11/10/2022,3
2531,14/10/2022,33
2532,16/11/2022,4
2533,20/11/2022,3
2534,23/11/2022,20
2535,13/12/2022,10
2536,23/12/2022,3
2537,26/12/2022,2
2538,28/12/2022,13
2539,10/01/2023,1
2540,11/01/2023,2
2541,13/01/2023,2
2542,15/01/2023,2
2543,17/01/2023,1
2544,18/01/2023,20
2545,07/02/2023,6
2546,13/02/2023,2
2547,15/02/2023,4
2548,19/02/2023,4
2549,23/02/2023,3
2550,26/02/2023,17
2551,15/03/2023,6
2552,21/03/2023,2
2553,23/03/2023,3
2554,26/03/2023,3
2555,29/03/2023,4
2556,02/04/2023,10
2557,12/04/2023,2
2558,14/04/2023,2
2559,16/04/2023,2
2560,18/04/2023,19
2561,07/05/2023,1
2562,08/05/2023,11
2563,19/05/2023,4
2564,23/05/2023,6
2565,29/05/2023,21
2566,19/06/2023,4
2567,23/06/2023,13
2568,06/07/2023,4
2569,10/07/2023,1
2570,11/07/2023,5
2571,16/07/2023,3
2572,19/07/2023,3
2573,22/07/2023,2
2574,24/07/2023,3
2575,27/07/2023,17
2576,13/08/2023,16
2577,29/08/2023,2
2578,31/08/2023,26
2579,26/09/2023,2
2580,28/09/2023,3
2581,01/10/2023,16
2582,17/10/2023,3
2583,20/10/2023,7
2584,27/10/2023,15
2585,11/11/2023,11
2586,22/11/2023,6
2587,28/11/2023,5
2588,03/12/2023,3
2589,06/12/2023,3
2590,09/12/2023,4
2591,13/12/2023,18
2592,31/12/2023,19
2593,19/01/2024,2
2594,21/01/2024,1
2595,22/01/2024,4
2596,26/01/2024,3
2597,29/01/2024,5
2598,03/02/2024,3
2599,06/02/2024,34
2600,11/03/2024,2
2601,13/03/2024,8
2602,21/03/2024,2
2603,23/03/2024,10
2604,02/04/2024,3
2605,05/04/2024,3
2606,08/04/2024,1
2607,09/04/2024,8
2608,17/04/2024,5
2609,22/04/2024,3
2610,25/04/2024,6
2611,01/05/2024,20
2612,21/05/2024,3
2613,24/05/2024,11
2614,04/06/2024,3
2615,07/06/2024,2
2616,09/06/2024,2
2617,11/06/2024,3
2618,14/06/2024,5
2619,19/06/2024,3
2620,22/06/2024,7
2621,29/06/2024,2
2622,01/07/2024,4
2623,05/07/2024,2
2624,07/07/2024,2
2625,09/07/2024,1
2626,10/07/2024,1
2627,11/07/2024,42
2628,22/08/2024,3
,25/08/2024,
,Average:,2.662352493